"案例","分类","相对路径","字节","SHA-256"
"材料配方优化智能体","01_终版视频","01_已通过\材料配方优化智能体\01_终版视频\材料配方优化智能体__16x9__v01.mp4","78905061","4B3399F89BE8D9400F5C5E603204AECD3482BB955CEC811835B018EBC89EC560"
"材料配方优化智能体","01_终版视频","01_已通过\材料配方优化智能体\01_终版视频\材料配方优化智能体__9x16__v04.mp4","78303162","917BF84140B996B563D35B04AE3E22BCF1F2C7622768D2CD560B820C3D36F449"
"材料配方优化智能体","02_满意原图","01_已通过\材料配方优化智能体\02_满意原图\16x9\01-search-space-run01.png","2144650","D109EB67C8250006B940A47EFD6BF857D3EC7D7C2F5F908B799CD05F88B66C8A"
"材料配方优化智能体","02_满意原图","01_已通过\材料配方优化智能体\02_满意原图\16x9\02-data-optimization-run01.png","2021317","3DD5CACB4AE7CF1CA54928A61671004BE8A4DBFFDC1B73754793937EF92C8BC9"
"材料配方优化智能体","02_满意原图","01_已通过\材料配方优化智能体\02_满意原图\16x9\03-lab-validation-run01.png","2101270","A701A4BAD11B89003CAC8037DD984EF89AA84D3175742BF867439917E4620788"
"材料配方优化智能体","02_满意原图","01_已通过\材料配方优化智能体\02_满意原图\16x9\04-scaleup-result-run01.png","2213915","17F7B9EBB8BF723C7DAAC40489A5D2B5B91888738691B63EA31A2ED74BB2824A"
"材料配方优化智能体","02_满意原图","01_已通过\材料配方优化智能体\02_满意原图\9x16\01-search-space-vertical-run01.png","4534599","6CE933B045350B12725147B88D5E7AD450C2C542C817DC19D53C9A5337A6FED3"
"材料配方优化智能体","02_满意原图","01_已通过\材料配方优化智能体\02_满意原图\9x16\02-data-optimization-vertical-run01.png","4469278","AA3FBC7B5EEE8C61C4F3B881701ED1D16D5C08EF392EBA37DE430548A425F8AD"
"材料配方优化智能体","02_满意原图","01_已通过\材料配方优化智能体\02_满意原图\9x16\03-lab-validation-vertical-run01.png","4318324","7F81C2774B6292EE36E2FC412F92D1F03B6FF2AD988E4751809F723A413B6AE4"
"材料配方优化智能体","02_满意原图","01_已通过\材料配方优化智能体\02_满意原图\9x16\04-scaleup-result-vertical-run01.png","4673229","FD783C708A4A43CC57F5DA075D7D8A2E7491980EF26E16648DBA8F79B6E9216C"
"材料配方优化智能体","03_口播语音","01_已通过\材料配方优化智能体\03_口播语音\narration-01-rerun01.wav","1912400","A89DD91BD742610F1D192B494CEBBC7F9FD8C8421E00F10CD31CD26325DE8A43"
"材料配方优化智能体","03_口播语音","01_已通过\材料配方优化智能体\03_口播语音\narration-02-rerun01.wav","2188880","770DA88271A3511D5012FE239A8A339708986E26436EED7CB90C0AD9D6192F4D"
"材料配方优化智能体","03_口播语音","01_已通过\材料配方优化智能体\03_口播语音\narration-03-rerun01.wav","2480720","BF5C8D79A920C79E24F9359D1B5F85BE6CFB70CDBF0BA104DE74751E46CE37FB"
"材料配方优化智能体","04_口播文案","01_已通过\材料配方优化智能体\04_口播文案\口播文案.md","1883","B7E7AE1F32484C6046A6626ECBF393F574134B7D452BA58A679455F4846F7465"
"材料配方优化智能体","05_字幕","01_已通过\材料配方优化智能体\05_字幕\字幕.md","1313","429E11E52B098F83142FF50D86658C7B48BC9C91EDF631EDBABE4F0C28BCA7EA"
"材料配方优化智能体","06_审核资料","01_已通过\材料配方优化智能体\06_审核资料\材料配方优化智能体__16x9__封面__v01.jpg","368219","F53972420A4D9FB712FFD2A0D28E365575AF5CE53B422D4CADC9C9FFA97C6368"
"材料配方优化智能体","06_审核资料","01_已通过\材料配方优化智能体\06_审核资料\材料配方优化智能体__9x16__封面__v04.jpg","406415","BB65A1370F54698131FF0B70B2CAA54F92489FE58AA25015877DFC86C82E4845"
"材料配方优化智能体","06_审核资料","01_已通过\材料配方优化智能体\06_审核资料\审核说明.md","990","C0939A01E5E9D2AD0F28E3A77E5C9A38AF5B42B0CA730365814FEBCB6E0B29AA"
"材料配方优化智能体","06_审核资料","01_已通过\材料配方优化智能体\06_审核资料\handoff.md","3946","E8117D1C6BCB6924AC77DCF160D8E2B8C0F601DB9FA846BD799A82ECAE28537D"
"订单经营智能体","01_终版视频","01_已通过\订单经营智能体\01_终版视频\订单经营智能体__16x9__v04.mp4","7131830","7E7FEF642E50229789BDBBBC3D78A53982BCEB7DC1C41C852E8E7958A5E8FB4C"
"订单经营智能体","01_终版视频","01_已通过\订单经营智能体\01_终版视频\订单经营智能体__9x16__v04.mp4","8673682","E5F81DD11A423D7E2FA548DD92DD0EA3C479D6D265D6211045597CE5B3FFDF0B"
"订单经营智能体","02_满意原图","01_已通过\订单经营智能体\02_满意原图\16x9\01-current-chaos-landscape-v2.png","1966554","0CC17B88BC61CEC2F8E4105FF78EDB7EE4237CD858131405F05C630A8C6A3704"
"订单经营智能体","02_满意原图","01_已通过\订单经营智能体\02_满意原图\16x9\02-readonly-sync-landscape-v2.png","1652793","9D65EBF952841D7AC12BB2DCBD9546D291E46BB5C0ECA81F882A320592521C8F"
"订单经营智能体","02_满意原图","01_已通过\订单经营智能体\02_满意原图\16x9\03-order-chain-landscape-v2.png","2015420","794349DE605AE825F4E581826BE22195FB2C04E62A2A4CA2052B0FA0545A0BE0"
"订单经营智能体","02_满意原图","01_已通过\订单经营智能体\02_满意原图\16x9\04-assembly-progress-landscape-v2.png","1885147","E5F7051BDBD0BB959E5B4844CC9A8835201374D39180D3C535BCF909E4F4E08A"
"订单经营智能体","02_满意原图","01_已通过\订单经营智能体\02_满意原图\16x9\05-inventory-stocktake-landscape-v2.png","2028679","CE8B4EB0429FEDA778CFF05D37D1F3BBA0231A0F5DBD1D9B33EAAE38FA6C4A3F"
"订单经营智能体","02_满意原图","01_已通过\订单经营智能体\02_满意原图\16x9\06-payable-review-landscape-v2.png","1682140","435CBEE6BC3D600B830C7B9564909479462F73F60DC51B95E2738AD14962123B"
"订单经营智能体","02_满意原图","01_已通过\订单经营智能体\02_满意原图\16x9\07-anomaly-inspection-landscape-v2.png","1825834","FBF90F3C5FC0F096A034AE86AF4E0C3AD3DFB6CEF627A58D4158CA49F54120AD"
"订单经营智能体","02_满意原图","01_已通过\订单经营智能体\02_满意原图\16x9\08-alert-response-landscape-v2.png","1739516","7BA7A50F89FA474B5D2F599D99D449CEB20F4C669D064EDF7DC205FB46E2B894"
"订单经营智能体","02_满意原图","01_已通过\订单经营智能体\02_满意原图\16x9\09-dispatch-outcome-landscape-v2.png","2006164","0BAD32B1EB87C312BFBB9A319194839CD8617CF445ABB0D82930BB0895558943"
"订单经营智能体","02_满意原图","01_已通过\订单经营智能体\02_满意原图\9x16\01-current-chaos-portrait-v2.png","2232884","54796729DD9F54FE1021BEF5635A3A9F36E5DF54E683BD66C8128E5BD60364BE"
"订单经营智能体","02_满意原图","01_已通过\订单经营智能体\02_满意原图\9x16\02-readonly-sync-portrait-v2.png","1907645","641C3F8F42A1C4D42DCA03CDB79923F4C34C5D44620DF6BF47F92ED0230E3D37"
"订单经营智能体","02_满意原图","01_已通过\订单经营智能体\02_满意原图\9x16\03-order-chain-portrait-v2.png","2323229","787733C6AC4161AEC3361E33E5AF4035F80B2EE58B3F461C61DCC23E691D3B36"
"订单经营智能体","02_满意原图","01_已通过\订单经营智能体\02_满意原图\9x16\04-assembly-progress-portrait-v2.png","1923105","ECAFB81B1D56C24F46C534F891506F604492CF30572DBB1E9A56976F4C7BB566"
"订单经营智能体","02_满意原图","01_已通过\订单经营智能体\02_满意原图\9x16\05-inventory-stocktake-portrait-v2.png","2114392","A0A3D494721F35AE280028E9CCEA75FADE485D0552315814E1DE36C457244F32"
"订单经营智能体","02_满意原图","01_已通过\订单经营智能体\02_满意原图\9x16\06-payable-review-portrait-v2.png","1669804","76B99DF30076DBCB0EAE8988AB0D0F7003EF3747F36CB86A1DA0300B69A53290"
"订单经营智能体","02_满意原图","01_已通过\订单经营智能体\02_满意原图\9x16\07-anomaly-inspection-portrait-v2.png","1826875","F03C30634377B703FA0BB6DC6B6F5996E443CAA7BFAC0ECDD56015B543BD87BF"
"订单经营智能体","02_满意原图","01_已通过\订单经营智能体\02_满意原图\9x16\08-alert-response-portrait-v2.png","1847744","D98001F2F525D4BE4E19449D363019FC9CAB1235A524AFF925B0CD0E3D99C958"
"订单经营智能体","02_满意原图","01_已通过\订单经营智能体\02_满意原图\9x16\09-dispatch-outcome-portrait-v2.png","2206739","30DFC47E72F537DDFF64D89051CC0B7CD261043EAB7B1C604D0BF6B1ACD4C384"
"订单经营智能体","02_满意原图","01_已通过\订单经营智能体\02_满意原图\品牌素材\16x9__logo_001.svg","2886","849F93DC36DD19850EEBAB6C5FACDBF9FEAB9C47BE2A3943241A4B829A4B787D"
"订单经营智能体","02_满意原图","01_已通过\订单经营智能体\02_满意原图\品牌素材\9x16__logo_001.svg","2886","849F93DC36DD19850EEBAB6C5FACDBF9FEAB9C47BE2A3943241A4B829A4B787D"
"订单经营智能体","03_口播语音","01_已通过\订单经营智能体\03_口播语音\narration-01-order-profit-v1.wav","2718800","D9A64F9E9660C8D2FA88C02AEDFD97058D5631B7D4F03EA3CF3F3F602E361976"
"订单经营智能体","03_口播语音","01_已通过\订单经营智能体\03_口播语音\narration-02-order-profit-v1.wav","2426960","D5C827AC6A8BAA48BA162D163D0654CADC5FCB9FBED64C7758881E2BA0B7C0CA"
"订单经营智能体","03_口播语音","01_已通过\订单经营智能体\03_口播语音\narration-03-order-profit-v1.wav","2515280","DEA1C0B65E299A56A62034C4FBD714CAC9B25F767B03A774F966E02AA0B14380"
"订单经营智能体","04_口播文案","01_已通过\订单经营智能体\04_口播文案\口播文案.md","1273","ED7C1E7F749489DC3F905E6E7FCC949F1183112A392C49B491644F0948A4B080"
"订单经营智能体","05_字幕","01_已通过\订单经营智能体\05_字幕\字幕.md","1522","E7D8AC9CA614E61B10A931D0438C1223447F9734AE2720D12D53D39BE53B3D40"
"订单经营智能体","06_审核资料","01_已通过\订单经营智能体\06_审核资料\订单经营智能体__16x9__封面__v04.jpg","197331","58A05CC1587DFC4CEC6EA4944C45AEC8E12142024EAE79D9ED13137F7AE97ADA"
"订单经营智能体","06_审核资料","01_已通过\订单经营智能体\06_审核资料\订单经营智能体__9x16__封面__v04.jpg","264021","FA16F582473584FD189BE1ED70B59C9C6856DB8CDDE7D70F527B15A978C04AFF"
"订单经营智能体","06_审核资料","01_已通过\订单经营智能体\06_审核资料\审核说明.md","2189","EB9A7DED4E65279D7BCBA6E617F92D870CCD2678FC464DC22334910B236A3EAE"
"订单经营智能体","06_审核资料","01_已通过\订单经营智能体\06_审核资料\handoff.md","3702","E8F70407B36DBCB9275DDFD1086AF4F1AD028F6E4AEB4929A39AC906ADDDA54D"
"订单履约风险智能体","01_终版视频","01_已通过\订单履约风险智能体\01_终版视频\订单履约风险智能体__16x9__v05.mp4","69552813","D2BA922B6828980167A5E5519C5AE79A5AE2B2A49C59EBEED6190C739E92C524"
"订单履约风险智能体","01_终版视频","01_已通过\订单履约风险智能体\01_终版视频\订单履约风险智能体__9x16__v05.mp4","84595770","E512093FFAB890CE37E26AF076F2A43CB7945B25958E3CD7C1ABCF30DAA4C591"
"订单履约风险智能体","02_满意原图","01_已通过\订单履约风险智能体\02_满意原图\16x9\01-order-overview.png","2139304","501DB67F1E3B97DD5DA7F348C9A5F61BE436804CAE0DC466ECFD5B6E601FD496"
"订单履约风险智能体","02_满意原图","01_已通过\订单履约风险智能体\02_满意原图\16x9\02-material-risk.png","2261800","DF5F9B1303AECCBC05783531D2EBF03D549C3357BA81279764DA754F45AD9460"
"订单履约风险智能体","02_满意原图","01_已通过\订单履约风险智能体\02_满意原图\16x9\03-production-risk.png","2240606","EF65BBEFD5FFC099C96F99CC45BA2D4705E936815EC9BADACD675963A6E77196"
"订单履约风险智能体","02_满意原图","01_已通过\订单履约风险智能体\02_满意原图\16x9\04-quality-collaboration.png","2047809","CEAA7AF98A63E97FE53523C5A52CED7CF9A37AD60AABA3D4B9448A3B69C3066A"
"订单履约风险智能体","02_满意原图","01_已通过\订单履约风险智能体\02_满意原图\9x16\01-order-overview-vertical-v1.png","2120324","D7FC4AD97C1EC67CD71F1EDBFCE1723E2B6516341AC113594D2EF587B95AC54F"
"订单履约风险智能体","02_满意原图","01_已通过\订单履约风险智能体\02_满意原图\9x16\02-material-risk-vertical-v1.png","2058479","AA044E989908F036DDFF91F50CB11413ACF2131AD1EFBEA8F6C7A0B66786E350"
"订单履约风险智能体","02_满意原图","01_已通过\订单履约风险智能体\02_满意原图\9x16\03-production-risk-vertical-v1.png","2235967","1FC35AA67698812EEB691BF14DAFB427A83275940A4E2B5CCB9BAC89BCFE33F8"
"订单履约风险智能体","02_满意原图","01_已通过\订单履约风险智能体\02_满意原图\9x16\04-quality-collaboration-vertical-v1.png","1875903","1045BD0FE339A130BCCEC2026205FEC2C228DA5E7E871F99A0085D1071F8C560"
"订单履约风险智能体","03_口播语音","01_已通过\订单履约风险智能体\03_口播语音\narration-01-xiachen-v1.wav","2780240","804CC8B56FB1B4C10717230829A8D1DA8D011F5E69796B4E6081EBBB94E51914"
"订单履约风险智能体","03_口播语音","01_已通过\订单履约风险智能体\03_口播语音\narration-02-xiachen-v1.wav","2803280","AF31CD634459EF3561FB6F5E37857C8D968C82B39F5C5F6A0AFBCC17745D3645"
"订单履约风险智能体","03_口播语音","01_已通过\订单履约风险智能体\03_口播语音\narration-03-xiachen-v1.wav","3060560","BE5AA3BE64E8B88BBE40A0C8088446DD8E79D8C29907BCF2CC63930E860B134D"
"订单履约风险智能体","04_口播文案","01_已通过\订单履约风险智能体\04_口播文案\口播文案__16x9.md","3042","05AD1F13701FE9F3CB7BCFDE0F399C9705D53BA2534454B0536365C40BF879BA"
"订单履约风险智能体","04_口播文案","01_已通过\订单履约风险智能体\04_口播文案\口播文案__9x16.md","2554","62D65059A946792A9EB3573CFDECB675A3FD2780F75FE0AA08D28770673B977D"
"订单履约风险智能体","05_字幕","01_已通过\订单履约风险智能体\05_字幕\字幕__16x9.md","1853","4B5295C0C86797CFA3D10D47D99F4716FC769253A8513AEA635FD2BAE9682E9D"
"订单履约风险智能体","05_字幕","01_已通过\订单履约风险智能体\05_字幕\字幕__9x16.md","1819","72F6CF2FFD72AFA07E7AD6CE017DC30B1DE9BF31CA7456FC277C3AF4B6B1099A"
"订单履约风险智能体","06_审核资料","01_已通过\订单履约风险智能体\06_审核资料\订单履约风险智能体__16x9__封面__v05.jpg","232738","7D87D8E23C021A6D4E2A5799972F7554B632B66BBD36377B936D6F63CC0BCA38"
"订单履约风险智能体","06_审核资料","01_已通过\订单履约风险智能体\06_审核资料\订单履约风险智能体__9x16__封面__v05.jpg","290110","83ADC63207974119502BAB74A838F26ACC63AE678620A380565FFB4EE0A85C5E"
"订单履约风险智能体","06_审核资料","01_已通过\订单履约风险智能体\06_审核资料\审核说明.md","2735","D606EC0C77256F62A473F63799C7E1E95EE848614385B5675DC3943BBFC5229D"
"订单履约风险智能体","06_审核资料","01_已通过\订单履约风险智能体\06_审核资料\handoff.md","6122","C31A53A608284BB087ADC3FAA9F1F09DD58CA471E38833EEF3E8AFDA4FD2BFFD"
"多零件产品仿真自动化智能体","01_终版视频","01_已通过\多零件产品仿真自动化智能体\01_终版视频\多零件产品仿真自动化智能体__16x9__v02.mp4","108644562","A1CF51A156BC59911FB3E3D35D7A9600CDB85EE5975D1C69AF304945F0C8C373"
"多零件产品仿真自动化智能体","01_终版视频","01_已通过\多零件产品仿真自动化智能体\01_终版视频\多零件产品仿真自动化智能体__9x16__v02.mp4","107073296","2F88F01A561ECA73A4199E176E941B725321272143CC4CE470B984E6CA8F144C"
"多零件产品仿真自动化智能体","02_满意原图","01_已通过\多零件产品仿真自动化智能体\02_满意原图\16x9\01-lab-establishing.png","1978684","9596458418DF3DA5D1AA8A0108B2E74C3B1CDF83CA17D6A5B8B658695C0F9DF4"
"多零件产品仿真自动化智能体","02_满意原图","01_已通过\多零件产品仿真自动化智能体\02_满意原图\16x9\02-assembly-scale.png","1877851","A5126AABFEF2FB87ACD23AF42157485A9D9B2296A37629F7D5F92D93E0680F27"
"多零件产品仿真自动化智能体","02_满意原图","01_已通过\多零件产品仿真自动化智能体\02_满意原图\16x9\03-remesh-risk.png","2060610","8D47CFD459FB9CD2F0ABC93C514A11CFBCDCE0982E47EAD40BA712B299761F38"
"多零件产品仿真自动化智能体","02_满意原图","01_已通过\多零件产品仿真自动化智能体\02_满意原图\16x9\04-assembly-compare.png","1840578","FED8F5D00F72D09506DB1C2E5227BCCA862C90792F34A1D8B3C81F4CB6917A66"
"多零件产品仿真自动化智能体","02_满意原图","01_已通过\多零件产品仿真自动化智能体\02_满意原图\16x9\05-settings-migration.png","1975747","C56A341E18AAAC69A40C1EBDCDA2049ED0EDDA887F1472126902752E6BF9FE83"
"多零件产品仿真自动化智能体","02_满意原图","01_已通过\多零件产品仿真自动化智能体\02_满意原图\16x9\06-local-remesh.png","2084770","EE0BB1149DE1F85EDB28B4D744660689DE17A449B192A7D49B66E0D4AABF94F4"
"多零件产品仿真自动化智能体","02_满意原图","01_已通过\多零件产品仿真自动化智能体\02_满意原图\16x9\07-postprocessing.png","2003086","B66AC2C6D75FDA4B2780D6F20E024097375347BCEEF3A389E505F69F874B132F"
"多零件产品仿真自动化智能体","02_满意原图","01_已通过\多零件产品仿真自动化智能体\02_满意原图\16x9\08-drop-matrix.png","1788901","1009BCC6BE2AC8D43CB73F076D13014836C350B6610ED0383A9313D109BD1097"
"多零件产品仿真自动化智能体","02_满意原图","01_已通过\多零件产品仿真自动化智能体\02_满意原图\16x9\09-engineer-decision.png","1900778","A8FE497A169C9B007F55CB4901BE956104166A3050DE9C7B5DB22427569D405B"
"多零件产品仿真自动化智能体","02_满意原图","01_已通过\多零件产品仿真自动化智能体\02_满意原图\9x16\01-lab-establishing-vertical-v2.png","1968513","6A544C51169429EE204A89AF1ABE9F30B92753A2DB9957AC555FBD7AC90C07FF"
"多零件产品仿真自动化智能体","02_满意原图","01_已通过\多零件产品仿真自动化智能体\02_满意原图\9x16\02-assembly-scale-vertical-v2.png","1910822","52C19A89C6292C8A600B66EBDE37142BC8D1FC30136E927C919712695AD2EF24"
"多零件产品仿真自动化智能体","02_满意原图","01_已通过\多零件产品仿真自动化智能体\02_满意原图\9x16\03-remesh-risk-vertical-v2.png","2074146","927BB16722576353A301060B582CCCC47C7E3B46E1AD3077D8C9DDB5709E9FB7"
"多零件产品仿真自动化智能体","02_满意原图","01_已通过\多零件产品仿真自动化智能体\02_满意原图\9x16\04-assembly-compare-vertical-v2.png","1853030","3EE6B0C737C5D6F7A3A058EDBEA3883FAFA2211A015AE90A97F6EBCA86A86983"
"多零件产品仿真自动化智能体","02_满意原图","01_已通过\多零件产品仿真自动化智能体\02_满意原图\9x16\05-settings-migration-vertical-v2.png","2002601","D8B75AB00012F914CC28526F9B72E4A69AE6EC98AE239E753152C501A428217A"
"多零件产品仿真自动化智能体","02_满意原图","01_已通过\多零件产品仿真自动化智能体\02_满意原图\9x16\06-local-remesh-vertical-v2.png","1905844","065339B1296BF5C837AF1F44F185C0544F95D95FD6EA1B2F4F9745385F712122"
"多零件产品仿真自动化智能体","02_满意原图","01_已通过\多零件产品仿真自动化智能体\02_满意原图\9x16\07-postprocessing-vertical-v2.png","1936167","5950A47F1F18696025A72DFDB81638433DD44A7BEB32EC12B7847231B601F89E"
"多零件产品仿真自动化智能体","02_满意原图","01_已通过\多零件产品仿真自动化智能体\02_满意原图\9x16\08-drop-matrix-vertical-v2.png","1839474","0D4F18D63AC79EC89D4834F0A4B552ED6DC2C1E652C7A6101B7B8B0EA13E7204"
"多零件产品仿真自动化智能体","02_满意原图","01_已通过\多零件产品仿真自动化智能体\02_满意原图\9x16\09-engineer-decision-vertical-v2.png","1846840","58275896CBE1517D1EABD464562E5A05DCDADF1D8D5052DE192F50A57C223CE0"
"多零件产品仿真自动化智能体","02_满意原图","01_已通过\多零件产品仿真自动化智能体\02_满意原图\品牌素材\16x9__logo_001.svg","2886","849F93DC36DD19850EEBAB6C5FACDBF9FEAB9C47BE2A3943241A4B829A4B787D"
"多零件产品仿真自动化智能体","02_满意原图","01_已通过\多零件产品仿真自动化智能体\02_满意原图\品牌素材\9x16__logo_001.svg","2886","849F93DC36DD19850EEBAB6C5FACDBF9FEAB9C47BE2A3943241A4B829A4B787D"
"多零件产品仿真自动化智能体","03_口播语音","01_已通过\多零件产品仿真自动化智能体\03_口播语音\narration-01-sunny-v2.wav","3444560","9FA59D47E7AD76D37BF79C6B3BAC42D8A0787ED4E7E3C40337787966C8C634DA"
"多零件产品仿真自动化智能体","03_口播语音","01_已通过\多零件产品仿真自动化智能体\03_口播语音\narration-02-sunny-v2.wav","2634320","50F33EC8DEF80611206AE0EDA5029B7DD0514EA3322B23608DD10150CCBF303A"
"多零件产品仿真自动化智能体","03_口播语音","01_已通过\多零件产品仿真自动化智能体\03_口播语音\narration-03-sunny-v2.wav","2288720","613184E33DC58F6B1BAA971D72B3B8B3CDFCC30AA09D40F1F6EF7CC19002EDEF"
"多零件产品仿真自动化智能体","04_口播文案","01_已通过\多零件产品仿真自动化智能体\04_口播文案\口播文案__16x9.md","1785","D4B4F59F7F43EC62517666DE6A026FB5EF94CAF162B55EC92BF1833D4471B76B"
"多零件产品仿真自动化智能体","04_口播文案","01_已通过\多零件产品仿真自动化智能体\04_口播文案\口播文案__9x16.md","1615","D421F94D2DABA4D012887E2E1A13B54B1CFDD483AB84B56E828F102E80870735"
"多零件产品仿真自动化智能体","05_字幕","01_已通过\多零件产品仿真自动化智能体\05_字幕\字幕.md","1534","89B6A6B35516F2A0F339C4816D7347487ACCABE713203E00A7DFA1D70DB7A682"
"多零件产品仿真自动化智能体","06_审核资料","01_已通过\多零件产品仿真自动化智能体\06_审核资料\多零件产品仿真自动化智能体__16x9__封面__v02.jpg","268460","C6BD3B5DCFCD6FFCC6EEE6995557738E30824444A945489BEFE4A321104ED553"
"多零件产品仿真自动化智能体","06_审核资料","01_已通过\多零件产品仿真自动化智能体\06_审核资料\多零件产品仿真自动化智能体__9x16__封面__v02.jpg","289409","24A0C95AF7CCB9A9F10BD6C53B854431894C2FB97075F170FC8A4D4BE82044F1"
"多零件产品仿真自动化智能体","06_审核资料","01_已通过\多零件产品仿真自动化智能体\06_审核资料\审核说明.md","1244","24DDA4B3CFA0286E76C680B9246EA8A9260C6E8B413AD118CE1A816A016F628B"
"多零件产品仿真自动化智能体","06_审核资料","01_已通过\多零件产品仿真自动化智能体\06_审核资料\handoff.md","3575","46449A4967AE6EAAEE5780F785D05CB453C5D054F19CF2819A6B4CA126C55B2F"
"非标制造报价智能体","01_终版视频","01_已通过\非标制造报价智能体\01_终版视频\非标制造报价智能体__16x9__v01.mp4","81923498","5D7FF78E96C41FA894273DCABCEE3FCBF56A85F3FA9817F7EEEC2A5374297EC1"
"非标制造报价智能体","01_终版视频","01_已通过\非标制造报价智能体\01_终版视频\非标制造报价智能体__9x16__v01.mp4","82054078","C9E7E268CFB01EFB80D532D74B5F3DE2FB527D51FA6D87488737A638B9DA7512"
"非标制造报价智能体","02_满意原图","01_已通过\非标制造报价智能体\02_满意原图\16x9\01-drawing-intake-landscape-v1.png","1920279","A1C2D86AD6E4BFE9A6170BD576BB0D02BAE2E6C25F3E0E85403A0D27E081BD52"
"非标制造报价智能体","02_满意原图","01_已通过\非标制造报价智能体\02_满意原图\16x9\02-engineering-extraction-landscape-v1.png","1852102","697D2D477AA4A395574951F5B5241BAE88884DFAE274435D1393EFC254E34AC9"
"非标制造报价智能体","02_满意原图","01_已通过\非标制造报价智能体\02_满意原图\16x9\03-knowledge-connection-landscape-v1.png","1923180","78A1008A0EA05825661D180388CCFAA533F4716AA431942968E8E84CA9D4670C"
"非标制造报价智能体","02_满意原图","01_已通过\非标制造报价智能体\02_满意原图\16x9\04-similar-part-reuse-landscape-v1.png","1973876","152B3A69DAAE7BEEE6A89FDA1B40AB2C877BBDA00F259B56D22049E2B5316008"
"非标制造报价智能体","02_满意原图","01_已通过\非标制造报价智能体\02_满意原图\16x9\05-quotation-draft-landscape-v1.png","2021357","6EB74780A852C14BEC28B57887FEB375999BA08DA3FCA9339028C6E98A8661B9"
"非标制造报价智能体","02_满意原图","01_已通过\非标制造报价智能体\02_满意原图\16x9\06-complete-cost-landscape-v1.png","2262170","675A0BD4EB7E8E35C3888BA783B136BC11C64999BA57E0F31E04013694D3917A"
"非标制造报价智能体","02_满意原图","01_已通过\非标制造报价智能体\02_满意原图\16x9\07-engineer-checkpoint-landscape-v1.png","1891426","5265F43B28BAE4FABF0FCA7FC073F25CEE8DAB797B2BBB763FC5D6053FA06507"
"非标制造报价智能体","02_满意原图","01_已通过\非标制造报价智能体\02_满意原图\16x9\08-knowledge-feedback-landscape-v1.png","1860442","51290E053C0E99FF247EA9FF8B002BB1859C5885E3EB56F36225C40B6AAE3BF9"
"非标制造报价智能体","02_满意原图","01_已通过\非标制造报价智能体\02_满意原图\16x9\09-engineering-outcome-landscape-v1.png","1974596","A91DEC41DAB6B843ED484E4EECD31E9D189E4C048668DEFA1EF6A70B317189D7"
"非标制造报价智能体","02_满意原图","01_已通过\非标制造报价智能体\02_满意原图\9x16\01-drawing-intake-portrait-v1.png","1918935","A0F45DA3C2A06099F4CD0E779B8570A4AA7DF80086AF55E2E7EB18A66EFD4480"
"非标制造报价智能体","02_满意原图","01_已通过\非标制造报价智能体\02_满意原图\9x16\02-engineering-extraction-portrait-v1.png","1844588","61A09F3665B3CD881C3580E7F1BC11BF5CBC3B386B05728874088C7C5FA7495A"
"非标制造报价智能体","02_满意原图","01_已通过\非标制造报价智能体\02_满意原图\9x16\03-knowledge-connection-portrait-v1.png","1970455","590BC01EDC1DC9555F2CF8C58A1875588BC7B904887203F8C103929A7ED56BE0"
"非标制造报价智能体","02_满意原图","01_已通过\非标制造报价智能体\02_满意原图\9x16\04-similar-part-reuse-portrait-v1.png","1855125","9DC6245BB468291C764BE8621269D2624C00CAC595D2C907AD12A80852265C6C"
"非标制造报价智能体","02_满意原图","01_已通过\非标制造报价智能体\02_满意原图\9x16\05-quotation-draft-portrait-v1.png","1931006","E1443BE0DC029A9E2D7054D2D76387F59BFFCB33FD404048365F5E8AD762DAAC"
"非标制造报价智能体","02_满意原图","01_已通过\非标制造报价智能体\02_满意原图\9x16\06-complete-cost-portrait-v1.png","2326130","99A7B936E4BF96000B37DF5F90C214ADF3F92B76D4C4C1EC77FAF77EE25E3CC1"
"非标制造报价智能体","02_满意原图","01_已通过\非标制造报价智能体\02_满意原图\9x16\07-engineer-checkpoint-portrait-v1.png","1815445","64264D92ECEA1829E376D9125232F6244B125022BD57F410EA5D723DA615AB3B"
"非标制造报价智能体","02_满意原图","01_已通过\非标制造报价智能体\02_满意原图\9x16\08-knowledge-feedback-portrait-v1.png","1857040","E0142186E42D4ACBA7AD68E99E93AF9E4884E3AC237DB3B0EFE7DAD72C9DE58F"
"非标制造报价智能体","02_满意原图","01_已通过\非标制造报价智能体\02_满意原图\9x16\09-engineering-outcome-portrait-v1.png","1823609","CE4FF56FCE5EC66CBB07125B40E04CB067C81D1128253CCE80B1E45CE058567A"
"非标制造报价智能体","02_满意原图","01_已通过\非标制造报价智能体\02_满意原图\品牌素材\16x9__logo_001.svg","2886","849F93DC36DD19850EEBAB6C5FACDBF9FEAB9C47BE2A3943241A4B829A4B787D"
"非标制造报价智能体","02_满意原图","01_已通过\非标制造报价智能体\02_满意原图\品牌素材\9x16__logo_001.svg","2886","849F93DC36DD19850EEBAB6C5FACDBF9FEAB9C47BE2A3943241A4B829A4B787D"
"非标制造报价智能体","03_口播语音","01_已通过\非标制造报价智能体\03_口播语音\narration-01-quotation-v1.wav","2242640","C16DA0A74E936F43E418CAB088226C6DDECBBBFB0A6359AE6E8C394BC9BD5D86"
"非标制造报价智能体","03_口播语音","01_已通过\非标制造报价智能体\03_口播语音\narration-02-quotation-v2.wav","2173520","30ED8FA6F36B2C155C37535AF6B97755D359D5A8872E461BBBDDA839005DCA75"
"非标制造报价智能体","03_口播语音","01_已通过\非标制造报价智能体\03_口播语音\narration-03-quotation-v2.wav","2584400","304A6B3C6BF1BF4227690A683FFB3955703DDD94E80A7F679DD3AC40223F2666"
"非标制造报价智能体","04_口播文案","01_已通过\非标制造报价智能体\04_口播文案\口播文案.md","1531","970A78E3E777500E142685DDA54C411600332BECBB37786BAD841FB0E3D0E801"
"非标制造报价智能体","05_字幕","01_已通过\非标制造报价智能体\05_字幕\字幕.md","1313","BEDE71401D613D6009353F36D04B61E23D4D7CA6249B69C4622FC4D90028380E"
"非标制造报价智能体","06_审核资料","01_已通过\非标制造报价智能体\06_审核资料\非标制造报价智能体__16x9__封面__v01.jpg","260031","6B0D39A5D086078803D43CFB08777B8B038ED33282E642825BE57A4FC6574227"
"非标制造报价智能体","06_审核资料","01_已通过\非标制造报价智能体\06_审核资料\非标制造报价智能体__9x16__封面__v01.jpg","241840","8A39298AE3D87642A735849567B334346D1D1988F7FC1D16DCAE1564DA647103"
"非标制造报价智能体","06_审核资料","01_已通过\非标制造报价智能体\06_审核资料\审核说明.md","1858","8CD02E82FEFB39E57ACCCB95EE71339377CEBE96C54A5B4B700D1B43DD30ADBB"
"非标制造报价智能体","06_审核资料","01_已通过\非标制造报价智能体\06_审核资料\handoff.md","2483","E2C2136DEFBB95A9E3E9E2ACB55D8284A8D2FF623215EBA5198C0F63EF736DD2"
"工业采购智能体","01_终版视频","01_已通过\工业采购智能体\01_终版视频\工业采购智能体__16x9__v01.mp4","53665152","D6B56E54548B10D4196BA0E55AFC6EFACC45352BC1460B14B24736592765315C"
"工业采购智能体","01_终版视频","01_已通过\工业采购智能体\01_终版视频\工业采购智能体__9x16__v01.mp4","49786858","89A23C867A94754C2999D728FEA100A0C468A100984671673C04D8B728EDCDAF"
"工业采购智能体","02_满意原图","01_已通过\工业采购智能体\02_满意原图\16x9\warehouse-landscape-v1.png","2272849","F8187020225A3E6886E4FA031C089918DC48551F42426B58498EA604259C70BF"
"工业采购智能体","02_满意原图","01_已通过\工业采购智能体\02_满意原图\9x16\warehouse-portrait-v1.png","2160609","76E02311D7E681775A8FFC74BCD7D254CD3D220B779DE20408F417321D09EC90"
"工业采购智能体","02_满意原图","01_已通过\工业采购智能体\02_满意原图\品牌素材\16x9__logo_001.svg","2886","849F93DC36DD19850EEBAB6C5FACDBF9FEAB9C47BE2A3943241A4B829A4B787D"
"工业采购智能体","02_满意原图","01_已通过\工业采购智能体\02_满意原图\品牌素材\9x16__logo_001.svg","2886","849F93DC36DD19850EEBAB6C5FACDBF9FEAB9C47BE2A3943241A4B829A4B787D"
"工业采购智能体","03_口播语音","01_已通过\工业采购智能体\03_口播语音\narration-01-sunny-v1.wav","3705680","519187D852A5A0AA20F185E307F4C23D0940F6DBF3F05826232EC86690015005"
"工业采购智能体","03_口播语音","01_已通过\工业采购智能体\03_口播语音\narration-02-sunny-v1.wav","3260240","E9213CCC5DCC7B927CF4EDB1D6BDB34AE24E0C4DE7093F07EA58AA04D80DAD05"
"工业采购智能体","03_口播语音","01_已通过\工业采购智能体\03_口播语音\narration-03-sunny-v1.wav","2945360","1484A91B5C49B284DEC4DA1483A60D0385AF0F63F1C0585CE7FB347CBFDF90FD"
"工业采购智能体","04_口播文案","01_已通过\工业采购智能体\04_口播文案\口播文案.md","1936","1B80D3E4825D16AC31B0DA7B6EB6AC3D7E834F0ADD904E9165570F82BD6189A4"
"工业采购智能体","05_字幕","01_已通过\工业采购智能体\05_字幕\字幕.md","1759","E571E0C8005FD2A7F64D39BA80C338011727BEEB2D46195B84A6391023CEBBB8"
"工业采购智能体","06_审核资料","01_已通过\工业采购智能体\06_审核资料\工业采购智能体__16x9__封面__v01.jpg","121968","4726CB7BF8ACC033F2BA60022D765202825D17CD96897CD582187FCAA0637B6C"
"工业采购智能体","06_审核资料","01_已通过\工业采购智能体\06_审核资料\工业采购智能体__9x16__封面__v01.jpg","122842","11A63B7A3991B1A44F1F0EC4C595C5AD813B7F71D2CB9043564598244C6BDE69"
"工业采购智能体","06_审核资料","01_已通过\工业采购智能体\06_审核资料\审核说明.md","1885","3E842EDA2442DDC1FDCDDABC52E070F52ADFF0FCCA7CABE9604ED7DC1C7D3D39"
"工业采购智能体","06_审核资料","01_已通过\工业采购智能体\06_审核资料\handoff.md","3291","BBE5BE285827DA69CCCD9B2FD3AE1AD8D3482FD0B01504A23BC41F8DD9515E4D"
"工业经验传承智能体","01_终版视频","01_已通过\工业经验传承智能体\01_终版视频\工业经验传承智能体__16x9__v01.mp4","86738151","6D3B362AB5B1F4E54E388A83F6602CEE52DD7A1E9BA5D5F7E1910FB1E6CA93F0"
"工业经验传承智能体","01_终版视频","01_已通过\工业经验传承智能体\01_终版视频\工业经验传承智能体__9x16__v01.mp4","88803016","1F1063727818AF652DAECAE050A52BC427EE5775BBE53B428C3CF298CD2CD491"
"工业经验传承智能体","02_满意原图","01_已通过\工业经验传承智能体\02_满意原图\16x9\01-experience-gap.png","2045258","BED11E6BB2ED5C8DD402114AEEBC9C40BC7EE82656F20717370B5AAB6F9D3B95"
"工业经验传承智能体","02_满意原图","01_已通过\工业经验传承智能体\02_满意原图\16x9\02-scattered-sources.png","2002301","157646C5EAA2A2943193F573217BBBF2D8C0BDDC3C078B45FBDEA9B3C29CEECC"
"工业经验传承智能体","02_满意原图","01_已通过\工业经验传承智能体\02_满意原图\16x9\03-logic-extraction.png","2007101","5B53B047566F419ED5D92D901E16802F767052D2340BB05D1ABA73EDACB8FD6A"
"工业经验传承智能体","02_满意原图","01_已通过\工业经验传承智能体\02_满意原图\16x9\04-knowledge-map.png","1979137","06A8B4C456786B8DCFF34479AC5DA81B52B0214723023F543033490EE1C16C42"
"工业经验传承智能体","02_满意原图","01_已通过\工业经验传承智能体\02_满意原图\16x9\05-worker-query.png","2012288","98CDCC4B6B1EDAD02FAE5A687ACF971440D6DCD70C79060EBC9461B5A52234E9"
"工业经验传承智能体","02_满意原图","01_已通过\工业经验传承智能体\02_满意原图\16x9\06-traceable-guidance.png","1778454","A7BFDFE503003A5224B4AC131D51C7D6AAEFFF00B3A3FA710B78205F38453B70"
"工业经验传承智能体","02_满意原图","01_已通过\工业经验传承智能体\02_满意原图\16x9\07-expert-handoff.png","1971977","426A31A27E46138954BEAC486EB4C62732FE99DE521915BC277EF580F36539A6"
"工业经验传承智能体","02_满意原图","01_已通过\工业经验传承智能体\02_满意原图\16x9\08-learning-loop.png","2013380","578D4C229EF4B825C936C02B6DD52E7733BB932FF31168CC610FB1871B055A3F"
"工业经验传承智能体","02_满意原图","01_已通过\工业经验传承智能体\02_满意原图\16x9\09-measured-outcome.png","1960636","0B2ED6A70A5CAEC9C748F5232EE2C6B3316EA53D4523BFEB9DD5C52D151CB355"
"工业经验传承智能体","02_满意原图","01_已通过\工业经验传承智能体\02_满意原图\9x16\01-experience-gap-vertical-v1.png","2084445","9FC40BB9F14EF9871DB39E09488878C3C9D0769BA25C0A19140B916193353D73"
"工业经验传承智能体","02_满意原图","01_已通过\工业经验传承智能体\02_满意原图\9x16\02-scattered-sources-vertical-v1.png","1901818","13563C44AE2CA9BC8981BEDE21158008FCC370432730DE3827B01C5DB65B49BD"
"工业经验传承智能体","02_满意原图","01_已通过\工业经验传承智能体\02_满意原图\9x16\03-logic-extraction-vertical-v1.png","1961527","BD8A8029B195865102C5CF21DCF0FA5B574A3996B658A552866A3860DEFEE212"
"工业经验传承智能体","02_满意原图","01_已通过\工业经验传承智能体\02_满意原图\9x16\04-knowledge-map-vertical-v1.png","1859396","404E91202F79C9EC999F6596C9BF4F6C128A440284992B9C166CDEE82FCDFE1E"
"工业经验传承智能体","02_满意原图","01_已通过\工业经验传承智能体\02_满意原图\9x16\05-worker-query-vertical-v1.png","1995545","8B280AFD9489F2580CE1E757EDCD5E39870E9401E8DA91D4A33D832AA4DC8790"
"工业经验传承智能体","02_满意原图","01_已通过\工业经验传承智能体\02_满意原图\9x16\06-traceable-guidance-vertical-v1.png","1807737","5F71C9977A2A03F800B252459C3CAD429E3E83430FD3B02A513AA409CB56C15F"
"工业经验传承智能体","02_满意原图","01_已通过\工业经验传承智能体\02_满意原图\9x16\07-expert-handoff-vertical-v1.png","1920340","60186EADF0E380A5C0A2B61441D3091B73960C42FAED01EE4A42C10BB0150E7D"
"工业经验传承智能体","02_满意原图","01_已通过\工业经验传承智能体\02_满意原图\9x16\08-learning-loop-vertical-v1.png","1911199","2E502A4335EC84123CB0ED13EF60652A6FD1A98CBF97FF75CE13C4DDE198E6E3"
"工业经验传承智能体","02_满意原图","01_已通过\工业经验传承智能体\02_满意原图\9x16\09-measured-outcome-vertical-v1.png","1874435","BBC9463BE06FA05C1729511A50540C002C363F126F55A92F021C55E5FB4A14FF"
"工业经验传承智能体","02_满意原图","01_已通过\工业经验传承智能体\02_满意原图\品牌素材\16x9__logo_001.svg","2886","849F93DC36DD19850EEBAB6C5FACDBF9FEAB9C47BE2A3943241A4B829A4B787D"
"工业经验传承智能体","02_满意原图","01_已通过\工业经验传承智能体\02_满意原图\品牌素材\9x16__logo_001.svg","2886","849F93DC36DD19850EEBAB6C5FACDBF9FEAB9C47BE2A3943241A4B829A4B787D"
"工业经验传承智能体","03_口播语音","01_已通过\工业经验传承智能体\03_口播语音\narration-01-sunny-v1.wav","3010640","FE4995D1D66F7B755B4ED75F98E53950BC99AF287A0A3FA7A12AB3AF1ECDF4CA"
"工业经验传承智能体","03_口播语音","01_已通过\工业经验传承智能体\03_口播语音\narration-02-sunny-v1.wav","2400080","A693FDA1C3C616B9F62676F83F705D41ADFFF56F8CB45446B5284A136EA01922"
"工业经验传承智能体","03_口播语音","01_已通过\工业经验传承智能体\03_口播语音\narration-03-sunny-v1.wav","2346320","A5450B185978025D4FA25DF336DA0106FE20CF331B42204FC1235183466C0FED"
"工业经验传承智能体","04_口播文案","01_已通过\工业经验传承智能体\04_口播文案\口播文案__16x9.md","1701","08344D3C888C4258978E7D72A5E275A3478C5A82F8F0A05D18DA840349F491BB"
"工业经验传承智能体","04_口播文案","01_已通过\工业经验传承智能体\04_口播文案\口播文案__9x16.md","1663","32FC450F756163E187C9A66B6234CC566659E60DBC0B4F46FEA457D0C5F98F31"
"工业经验传承智能体","05_字幕","01_已通过\工业经验传承智能体\05_字幕\字幕.md","1468","55E23FA87D900DFF4FDE64F4D1946BC2BC8F47CF5783365E41EAA527A35C114C"
"工业经验传承智能体","06_审核资料","01_已通过\工业经验传承智能体\06_审核资料\工业经验传承智能体__16x9__封面__v01.jpg","260547","EDBB8314F949E8A8A79090C9C08010BA8BB0C95BF738A52D440468B328203A61"
"工业经验传承智能体","06_审核资料","01_已通过\工业经验传承智能体\06_审核资料\工业经验传承智能体__9x16__封面__v01.jpg","258876","278627CF4783D76DBB59E18A6B775AD9EC616E723C20CC2A716FADA0CCE01730"
"工业经验传承智能体","06_审核资料","01_已通过\工业经验传承智能体\06_审核资料\审核说明.md","1166","022A78133C78CDE4FA5E68C3EB49DC8288216D62ED893010009F192206650FC5"
"工业经验传承智能体","06_审核资料","01_已通过\工业经验传承智能体\06_审核资料\handoff.md","1891","2DA951A669437C03B9E14A6528D8CA147F60D0B6B5BB2D5D66F318703F320BB7"
"化工HSE巡检智能体","01_终版视频","01_已通过\化工HSE巡检智能体\01_终版视频\化工HSE巡检智能体__16x9__v01.mp4","103626482","1F94B82798116D50606E78D02EA4908757BF88884B8BF9B70B3FF641312B74C8"
"化工HSE巡检智能体","01_终版视频","01_已通过\化工HSE巡检智能体\01_终版视频\化工HSE巡检智能体__9x16__v01.mp4","96556825","0D581D1B4823E76DB82056E5182C60F55827ED2A1F5AB847840616639A15FB2A"
"化工HSE巡检智能体","02_满意原图","01_已通过\化工HSE巡检智能体\02_满意原图\16x9\01-control-room.png","2222078","ADF9BEC89F312EBD334772CC73A4F16A946CBE6BCD0D944A1DBF2F32EA1F7B83"
"化工HSE巡检智能体","02_满意原图","01_已通过\化工HSE巡检智能体\02_满意原图\16x9\02-field-inspection.png","2358613","48805776168B177D9187B1469B25DC92FC370642483B36340BDE08C04BF0BB0B"
"化工HSE巡检智能体","02_满意原图","01_已通过\化工HSE巡检智能体\02_满意原图\16x9\03-remediation-review.png","1836967","35101F5146EB160CBC221ED81F8961F12760FB22BE13EDD0DD7475C16CD7E241"
"化工HSE巡检智能体","02_满意原图","01_已通过\化工HSE巡检智能体\02_满意原图\9x16\01-control-room-vertical-v1.png","1933522","A34072DDCB6AB4F5045CCFD5110BA1FF520D4AB97D46B2A0F7F5ED74A1C7DC3F"
"化工HSE巡检智能体","02_满意原图","01_已通过\化工HSE巡检智能体\02_满意原图\9x16\02-field-inspection-vertical-v1.png","2443001","37338260DD6F90264275C7F319D51E340F801244FAAF1BFE6C32594C9D35D022"
"化工HSE巡检智能体","02_满意原图","01_已通过\化工HSE巡检智能体\02_满意原图\9x16\03-remediation-review-vertical-v1.png","1833273","3D6A39272A552DDAFEBC9BA01296781595A385DE46FBD24C8CB77F461AED980C"
"化工HSE巡检智能体","02_满意原图","01_已通过\化工HSE巡检智能体\02_满意原图\品牌素材\16x9__logo_001.svg","2886","849F93DC36DD19850EEBAB6C5FACDBF9FEAB9C47BE2A3943241A4B829A4B787D"
"化工HSE巡检智能体","02_满意原图","01_已通过\化工HSE巡检智能体\02_满意原图\品牌素材\9x16__logo_001.svg","2886","849F93DC36DD19850EEBAB6C5FACDBF9FEAB9C47BE2A3943241A4B829A4B787D"
"化工HSE巡检智能体","03_口播语音","01_已通过\化工HSE巡检智能体\03_口播语音\narration-01-hse-v1.wav","2676560","E8CF2FF697B7195106CFEAEC232C9C39803885A7B803CF910D12ECE39466E2F1"
"化工HSE巡检智能体","03_口播语音","01_已通过\化工HSE巡检智能体\03_口播语音\narration-02-hse-v1.wav","2277200","8653C1493F3765C944BB1222D2079F7885807DBE6E6D15D20D68244FBB3F9B2D"
"化工HSE巡检智能体","03_口播语音","01_已通过\化工HSE巡检智能体\03_口播语音\narration-03-hse-v1.wav","2261840","90074DEA68C59D975503B8FA195EDD19E29922B02FEB4F2B8E75E3992905A811"
"化工HSE巡检智能体","04_口播文案","01_已通过\化工HSE巡检智能体\04_口播文案\口播文案.md","1620","FA30324CFBD38B9BC30414118D75A80D46FE7D06C3D87BF77110FE0F4EA097E5"
"化工HSE巡检智能体","05_字幕","01_已通过\化工HSE巡检智能体\05_字幕\字幕.md","1406","3E32470D737441B0D83FD4A6D0038277AB27D2846CE50517F94C0B06DD63356B"
"化工HSE巡检智能体","06_审核资料","01_已通过\化工HSE巡检智能体\06_审核资料\化工HSE巡检智能体__16x9__封面__v01.jpg","306908","7735F1ABA48295A900EA8C3D4F883A7D969F0160F3F289ED53976F3BB28D21E8"
"化工HSE巡检智能体","06_审核资料","01_已通过\化工HSE巡检智能体\06_审核资料\化工HSE巡检智能体__9x16__封面__v01.jpg","260953","F5445EB317C3CD3122AE9AD0176C78CDB9E16BC28009AF3DFD1A81DA5E8A38B4"
"化工HSE巡检智能体","06_审核资料","01_已通过\化工HSE巡检智能体\06_审核资料\审核说明.md","1795","073ABD8967A92CF0EDC8DF6814F175B2316D604234FDB01D893C13A69DDD6430"
"化工HSE巡检智能体","06_审核资料","01_已通过\化工HSE巡检智能体\06_审核资料\handoff.md","3984","E7CCF9BEDDB6C426C1830CAE4DC3A8E77BB3DEAE1F011DC0D71C504B38C9E01F"
"石化关键设备故障诊断智能体","01_终版视频","01_已通过\石化关键设备故障诊断智能体\01_终版视频\石化关键设备故障诊断智能体__16x9__v01.mp4","103101284","2F9B31B8DC2362970BA965D8A0BE01150D62447B2FB69F4C24E9E56E9CFDC246"
"石化关键设备故障诊断智能体","01_终版视频","01_已通过\石化关键设备故障诊断智能体\01_终版视频\石化关键设备故障诊断智能体__9x16__v01.mp4","98229436","6A5A7A0B5C659CB68B4E4D9D44FFF630F1EB90EA7C6FA8741B46CEA3146DDD4D"
"石化关键设备故障诊断智能体","02_满意原图","01_已通过\石化关键设备故障诊断智能体\02_满意原图\16x9\01-equipment-anomaly.png","1760906","1441E5E0F153894C211F8E3C7BF15536C7203253163528940494FDEF1768E092"
"石化关键设备故障诊断智能体","02_满意原图","01_已通过\石化关键设备故障诊断智能体\02_满意原图\16x9\02-signal-scatter.png","1812884","90DFB2BFF30D7DB7CDA00775FD87C275348FFD0718812C10C2238DFF306933B6"
"石化关键设备故障诊断智能体","02_满意原图","01_已通过\石化关键设备故障诊断智能体\02_满意原图\16x9\03-timeline-reconstruction.png","1736045","A69EB0A8322282E4D83C66659CB99EA91B6A96448DCB362790C37DA1E28C16C2"
"石化关键设备故障诊断智能体","02_满意原图","01_已通过\石化关键设备故障诊断智能体\02_满意原图\16x9\04-multisource-correlation.png","2151404","177F612FCBDE52305529F59790E7E8289BADA52FF7DA70A384CA9A0F49048D2E"
"石化关键设备故障诊断智能体","02_满意原图","01_已通过\石化关键设备故障诊断智能体\02_满意原图\16x9\05-cause-ranking.png","1915821","123B756B5AD42B422993CC9038955C03EFF0C1C6A2FD49B769CF753C71AF000F"
"石化关键设备故障诊断智能体","02_满意原图","01_已通过\石化关键设备故障诊断智能体\02_满意原图\16x9\06-night-shift-triage.png","1691806","47611941A4F9A6038FD7681B86053FD0177F42A18313278AAA34627E3FC55FD5"
"石化关键设备故障诊断智能体","02_满意原图","01_已通过\石化关键设备故障诊断智能体\02_满意原图\16x9\07-work-order-loop.png","2213233","B7DFFA0771117A10B35F4F3E97D54821995A1BC65A8D0FC2096066F819F3B719"
"石化关键设备故障诊断智能体","02_满意原图","01_已通过\石化关键设备故障诊断智能体\02_满意原图\16x9\08-safety-boundary.png","1781567","2903D4D65D29AB25AEB016754E39D5032BF9423C1C614FD1C5541D8E31CFC37A"
"石化关键设备故障诊断智能体","02_满意原图","01_已通过\石化关键设备故障诊断智能体\02_满意原图\16x9\09-project-impact.png","1860344","A99F495662764F56A0DF70ED3DD6DF70BE5DFC72DE10060AB7F9CC92DDC78B4B"
"石化关键设备故障诊断智能体","02_满意原图","01_已通过\石化关键设备故障诊断智能体\02_满意原图\9x16\01-equipment-anomaly-vertical-v1.png","1777719","77358B6A80D69EAB05A3CBEA06559458FA2BF0ABF6B82C8E40B00B6B2930D2D2"
"石化关键设备故障诊断智能体","02_满意原图","01_已通过\石化关键设备故障诊断智能体\02_满意原图\9x16\02-signal-scatter-vertical-v1.png","1661937","C1C38A22C39FF27137268CC0ECDC1EA4F01A035B250219D11D2F9493049C7F53"
"石化关键设备故障诊断智能体","02_满意原图","01_已通过\石化关键设备故障诊断智能体\02_满意原图\9x16\03-timeline-reconstruction-vertical-v1.png","1707494","D97BAA501DE51C2F01BE8F2A167ED88A7662B32BADFDB4BA03B95B0B847A332E"
"石化关键设备故障诊断智能体","02_满意原图","01_已通过\石化关键设备故障诊断智能体\02_满意原图\9x16\04-multisource-correlation-vertical-v1.png","2224257","A08EADAC5013F6DACEBA6BF8C37F8289ADE5B269A2545D8CB51CE4146E99A075"
"石化关键设备故障诊断智能体","02_满意原图","01_已通过\石化关键设备故障诊断智能体\02_满意原图\9x16\05-cause-ranking-vertical-v1.png","1789322","D0FD180697C01BED89FA48FA33CC75FD68E0C1FCC4775019A1A3A75D0B6BCC92"
"石化关键设备故障诊断智能体","02_满意原图","01_已通过\石化关键设备故障诊断智能体\02_满意原图\9x16\06-night-shift-triage-vertical-v1.png","1587985","E3A7E924CD285FED45483B42EDAF5D02B5AB6AAEFA12BFEE5E21E1D64F206306"
"石化关键设备故障诊断智能体","02_满意原图","01_已通过\石化关键设备故障诊断智能体\02_满意原图\9x16\07-work-order-loop-vertical-v1.png","2180896","60409CBFAA16C61B1C3E26C9B59EAD0707F3403B5B37882AFF2860CFA6CBE292"
"石化关键设备故障诊断智能体","02_满意原图","01_已通过\石化关键设备故障诊断智能体\02_满意原图\9x16\08-safety-boundary-vertical-v1.png","1663291","EB5E64CCC3ABC489CF1A25A25A74B279D860C3A32BB48F0AA735C1B27EAF2A0F"
"石化关键设备故障诊断智能体","02_满意原图","01_已通过\石化关键设备故障诊断智能体\02_满意原图\9x16\09-project-impact-vertical-v1.png","1765688","34F3BAC2BC938C0EE73C8C8989A1DCD06A7FBB2DBA1D12E70DA7EF3629F8C19F"
"石化关键设备故障诊断智能体","02_满意原图","01_已通过\石化关键设备故障诊断智能体\02_满意原图\品牌素材\16x9__logo_001.svg","2886","849F93DC36DD19850EEBAB6C5FACDBF9FEAB9C47BE2A3943241A4B829A4B787D"
"石化关键设备故障诊断智能体","02_满意原图","01_已通过\石化关键设备故障诊断智能体\02_满意原图\品牌素材\9x16__logo_001.svg","2886","849F93DC36DD19850EEBAB6C5FACDBF9FEAB9C47BE2A3943241A4B829A4B787D"
"石化关键设备故障诊断智能体","03_口播语音","01_已通过\石化关键设备故障诊断智能体\03_口播语音\narration-01-sunny-v2.wav","2953040","8DFC32EFBA9BE2160E3768E6D68D2A66CCA99205641F83EA88DEDCF2BF781326"
"石化关键设备故障诊断智能体","03_口播语音","01_已通过\石化关键设备故障诊断智能体\03_口播语音\narration-02-sunny-v2.wav","2642000","EF7FF1A3A3DD2137A6B52D1FAFEE5FEC5F402076371B5820980110D64C99B8A0"
"石化关键设备故障诊断智能体","03_口播语音","01_已通过\石化关键设备故障诊断智能体\03_口播语音\narration-03-sunny-v2.wav","3110480","FB31C0827EECAC73C248F1C69BA4C184F15C2247ED013F17989DF659AD405BD7"
"石化关键设备故障诊断智能体","04_口播文案","01_已通过\石化关键设备故障诊断智能体\04_口播文案\口播文案__16x9.md","1952","F74CB38B3FA426835C2AA429459EF45B3520615181B422EAFA19A6E87840B20B"
"石化关键设备故障诊断智能体","04_口播文案","01_已通过\石化关键设备故障诊断智能体\04_口播文案\口播文案__9x16.md","1772","4B403D569346E9666D12CB00A3CCC5771449E7CAE3B0112E86AF4105CCA139AD"
"石化关键设备故障诊断智能体","05_字幕","01_已通过\石化关键设备故障诊断智能体\05_字幕\字幕.md","1719","966668C25A02E63B1CECCB350D4D0E0F2A61DF4FD12D1A7F2825F5C0F447CB2B"
"石化关键设备故障诊断智能体","06_审核资料","01_已通过\石化关键设备故障诊断智能体\06_审核资料\审核说明.md","2165","BBA5EA0913B740EA694FFF682E70C2CC0D9C804CFA9958CC9094C4AB87367BE0"
"石化关键设备故障诊断智能体","06_审核资料","01_已通过\石化关键设备故障诊断智能体\06_审核资料\石化关键设备故障诊断智能体__16x9__封面__v01.jpg","279444","A5201580B32AFFAF2BB5EF1B0285C2394220260FA355004C50124AD4A6D60684"
"石化关键设备故障诊断智能体","06_审核资料","01_已通过\石化关键设备故障诊断智能体\06_审核资料\石化关键设备故障诊断智能体__9x16__封面__v01.jpg","254124","357D556141F0A117254F61087713BE1781BF0872BBBF7777199469DC0FBFBA30"
"石化关键设备故障诊断智能体","06_审核资料","01_已通过\石化关键设备故障诊断智能体\06_审核资料\handoff.md","5050","6659DA2B6EDCED725FF562FA82A3E8CF31638A55E6D1B18398194D910A0001FC"
"悦己悦家","02_满意原图","01_已通过\悦己悦家\02_满意原图\16x9\悦己悦家__16x9__01_毛坯房_信任起点__v01.png","1922424","97247D10EDAA0C39AA39E0FCF10D8F8C50BFE76C4F951B87447172B6C23318D7"
"悦己悦家","02_满意原图","01_已通过\悦己悦家\02_满意原图\16x9\悦己悦家__16x9__02_AI规划_看见理解交付__v01.png","2001675","F7FD87B729D029736DE91A5869FA474518BE8C555602BE2E575DE18D9FDEC335"
"悦己悦家","02_满意原图","01_已通过\悦己悦家\02_满意原图\16x9\悦己悦家__16x9__03_节点验收_路径可见__v01.png","2082185","7AB0511F0619304CE547F18390D328E7C1A4F82547822E65A1D840821AFFF7F3"
"悦己悦家","02_满意原图","01_已通过\悦己悦家\02_满意原图\16x9\悦己悦家__16x9__04_入住服务_家庭生活__v01.png","2119610","2C5B8E310C08DAB2DA78EE8147652CE9A790F0FA240C4E82BF715A5E556B3D11"
"悦己悦家","02_满意原图","01_已通过\悦己悦家\02_满意原图\16x9\悦己悦家__16x9__05_未来之家_城市夜景__v01.png","1955437","55202B9397A4103C2EC3C9E7CD57BADB5C42BECD7E0915F821F857D95C870E89"
"悦己悦家","02_满意原图","01_已通过\悦己悦家\02_满意原图\9x16\悦己悦家__9x16__01_毛坯房_信任起点__v01.png","1795277","DFF56FF3856CF0303F2BCFDACFF91ED02153CCC7C35901CED8B3FB7D2D850A7B"
"悦己悦家","02_满意原图","01_已通过\悦己悦家\02_满意原图\9x16\悦己悦家__9x16__02_AI规划_看见理解交付__v01.png","2018630","517FBBCA968EDE1DE934828F8CBDE05C64CAE0D1537BE47EF60E75342F9AE84F"
"悦己悦家","02_满意原图","01_已通过\悦己悦家\02_满意原图\9x16\悦己悦家__9x16__03_节点验收_路径可见__v01.png","1853192","4645083EA84E630656B32A03DB2E459A313D2FA62DDE2E3C9EF05C92D3D1A6D9"
"悦己悦家","02_满意原图","01_已通过\悦己悦家\02_满意原图\9x16\悦己悦家__9x16__04_入住服务_家庭生活__v01.png","1984295","47E0A05EA737AE983B62406A7E6F0CDD42D6FA8C9DD110FEBBA19B7DD45A6452"
"悦己悦家","02_满意原图","01_已通过\悦己悦家\02_满意原图\9x16\悦己悦家__9x16__05_未来之家_城市夜景__v01.png","2259871","C6FBC83E47A542C7B6B4B21CA53ADF81C86028601862B8AD623A940222202A2E"
"悦己悦家","02_满意原图","01_已通过\悦己悦家\02_满意原图\悦己悦家_图片素材_v01.zip","19872488","DB4B443F01E09030EDA90F8F903BF18BC9BA8625D02082A5E2FB0DA02CF3FA8C"
"悦己悦家","06_审核资料","01_已通过\悦己悦家\06_审核资料\审核说明.md","422","4794D85B2872D9464F3348372FF204CD1871114E8808D4A589F0534BB8535B30"
"悦己悦家","06_审核资料","01_已通过\悦己悦家\06_审核资料\图片清单.md","595","B3EA085A71F57998384A3A7DD49E9E52BBC633F22F2684BE6100679BFA02A097"
"制造日报智能体","01_终版视频","01_已通过\制造日报智能体\01_终版视频\制造日报智能体__16x9__v01.mp4","118565612","CCBE4705AEFC93A3422D148A74A1D670BC333C2E312F99EACBC10BD51BD6E38C"
"制造日报智能体","01_终版视频","01_已通过\制造日报智能体\01_终版视频\制造日报智能体__9x16__v01.mp4","119720065","ECB488574151C858EA23E6CFEB85CD59F16BE946437D653CB1D035404F037018"
"制造日报智能体","02_满意原图","01_已通过\制造日报智能体\02_满意原图\16x9\01-control-room.png","2075973","A44A29939DC6049AC1B77722F6EF8DB736E15698C5E9C7406E83C1E8FDDE11B1"
"制造日报智能体","02_满意原图","01_已通过\制造日报智能体\02_满意原图\16x9\02-system-fragmentation.png","2052778","E56AEF53E1D3994A602A01C86E005D6B0C3219CE42362306ECCE679FA5B5F2C7"
"制造日报智能体","02_满意原图","01_已通过\制造日报智能体\02_满意原图\16x9\03-manual-reconcile.png","1897045","8C91F082FF378CFF0AA77CEDFFA32183D1105A4EFF5354C48BE0FCADB86050D1"
"制造日报智能体","02_满意原图","01_已通过\制造日报智能体\02_满意原图\16x9\04-unified-data.png","2072170","572917AD70AFBC8ECC18C5519CFE0781F73113B3D5B4DB1000069621D30E04CE"
"制造日报智能体","02_满意原图","01_已通过\制造日报智能体\02_满意原图\16x9\05-natural-query.png","2064334","90C5CFA09D9CB8E3073898C73189ECD652D6D6CEC50A63786C8AD9C126EA3794"
"制造日报智能体","02_满意原图","01_已通过\制造日报智能体\02_满意原图\16x9\06-auto-report.png","1899170","99940FEEE4BC74E5F3AF22B376C1AFA853036247B6CE5711053A8D9AFC3F50EB"
"制造日报智能体","02_满意原图","01_已通过\制造日报智能体\02_满意原图\16x9\07-exception-collab.png","2182486","8332FD4A7B353BB4A4C78604D8419A2B9DF442C7D74AEEE31E8021455001AB02"
"制造日报智能体","02_满意原图","01_已通过\制造日报智能体\02_满意原图\16x9\08-efficiency-proof.png","1925053","2A76B5A7A1403129061B84A2049DB62EA5DD20D778FF13F37CCDDF1DE8159C87"
"制造日报智能体","02_满意原图","01_已通过\制造日报智能体\02_满意原图\16x9\09-closed-loop.png","2068185","C742FCC9086DCAE095499D7C31E767D65AC4FD93D3A88E8A4CBDBF6B63559056"
"制造日报智能体","02_满意原图","01_已通过\制造日报智能体\02_满意原图\9x16\01-control-room-vertical-v1.png","1972999","0824D45805DBBA439C102E62D902A37927F6CAF4E2E5929884CA492E43BB6C73"
"制造日报智能体","02_满意原图","01_已通过\制造日报智能体\02_满意原图\9x16\02-system-fragmentation-vertical-v1.png","1929490","A04822C619480894C62E6993FA44AE5A76FC960A6262B7660EEA821021561721"
"制造日报智能体","02_满意原图","01_已通过\制造日报智能体\02_满意原图\9x16\03-manual-reconcile-vertical-v1.png","1855902","04AC2D84E66625F9107374C055180E3244E66584E8F1B25DEE1F1AB6AE542ADF"
"制造日报智能体","02_满意原图","01_已通过\制造日报智能体\02_满意原图\9x16\04-unified-data-vertical-v1.png","2039070","EFFEC66E48566E80EBF7DEB98B0DC2851C9501D8525EE0B023CC44F6587893A9"
"制造日报智能体","02_满意原图","01_已通过\制造日报智能体\02_满意原图\9x16\05-natural-query-vertical-v1.png","1920964","08D5B7D65094C7DEC5932B2B63713EEAC8193D055416C5ADA41D01A20ADDE8DD"
"制造日报智能体","02_满意原图","01_已通过\制造日报智能体\02_满意原图\9x16\06-auto-report-vertical-v1.png","1694842","2E8797259710C1B929DB81653B8003682DBEEDEF1AC844D91B14ED092A1171CC"
"制造日报智能体","02_满意原图","01_已通过\制造日报智能体\02_满意原图\9x16\07-exception-collab-vertical-v1.png","2100456","F6991B2D08F98E075FBF809C169D76543E46880365F8EE3E07D3360A9D712F73"
"制造日报智能体","02_满意原图","01_已通过\制造日报智能体\02_满意原图\9x16\08-efficiency-proof-vertical-v1.png","1724255","BCF001B764E5A2AA7854E438DA30CA42D0A2F6971AD5D7EDD6B75A6DEF82CC74"
"制造日报智能体","02_满意原图","01_已通过\制造日报智能体\02_满意原图\9x16\09-closed-loop-vertical-v1.png","2031904","90CA9A018613D7C673371EA8D6EEE7DBE734D57E7E7E88FB37C089FE19146D8C"
"制造日报智能体","02_满意原图","01_已通过\制造日报智能体\02_满意原图\品牌素材\16x9__logo_001.svg","2886","849F93DC36DD19850EEBAB6C5FACDBF9FEAB9C47BE2A3943241A4B829A4B787D"
"制造日报智能体","02_满意原图","01_已通过\制造日报智能体\02_满意原图\品牌素材\9x16__logo_001.svg","2886","849F93DC36DD19850EEBAB6C5FACDBF9FEAB9C47BE2A3943241A4B829A4B787D"
"制造日报智能体","03_口播语音","01_已通过\制造日报智能体\03_口播语音\narration-01-sunny-v1.wav","3302480","BE9758E37ADBE95321AB3531AFD87095944FF9FEE9F0EFB48C03A6F8D9CA7A63"
"制造日报智能体","03_口播语音","01_已通过\制造日报智能体\03_口播语音\narration-02-sunny-v1.wav","2791760","F666A85CCA371A1F3B310127FBE1715C7146592B5E1C47EE0AC1813C2343A9D4"
"制造日报智能体","03_口播语音","01_已通过\制造日报智能体\03_口播语音\narration-03-sunny-v1.wav","2688080","DE9327EE0F429DD95C1625A712E69FB8ED8939E780FAB5E1CD5A435B4564912E"
"制造日报智能体","04_口播文案","01_已通过\制造日报智能体\04_口播文案\口播文案__16x9.md","1998","23772F28A804A6EEEE5C4814EE2DBB4AF61A1DB0823EB5E02C6BEDAC9DDD270D"
"制造日报智能体","04_口播文案","01_已通过\制造日报智能体\04_口播文案\口播文案__9x16.md","2006","164D2D74C28DCCFEA2095A7DFCD82624965F9F58CE3DF2983A4E1B2696D8F08C"
"制造日报智能体","05_字幕","01_已通过\制造日报智能体\05_字幕\字幕__16x9.md","2120","D250770781589FFBB8B464DBB19ADE733BB8EF1B58B3C37569CBF8E7012FA5DC"
"制造日报智能体","05_字幕","01_已通过\制造日报智能体\05_字幕\字幕__9x16.md","2136","B2A2B9BB59460433B51EA7A508A36381E0DA36721E284EAC0C34DC22171285D1"
"制造日报智能体","06_审核资料","01_已通过\制造日报智能体\06_审核资料\审核说明.md","2002","4DAC3B4E0C979A06FA9E93399CA1CDD83E88B50696D1C4192D681DF87E3BD8C0"
"制造日报智能体","06_审核资料","01_已通过\制造日报智能体\06_审核资料\制造日报智能体__16x9__封面__v01.jpg","280467","54A7D091D5692ED4C500B9FEC89C1D5FF9488F46621AA59D9316CBBC176E59DF"
"制造日报智能体","06_审核资料","01_已通过\制造日报智能体\06_审核资料\制造日报智能体__9x16__封面__v01.jpg","248485","0D47D57C04F00B1E36CFBF90B38B072F3E92A298B48DE1201CA55D770FD11049"
"制造日报智能体","06_审核资料","01_已通过\制造日报智能体\06_审核资料\handoff.md","3587","2274D3BA421CAF43F998F248386B0261B139FE47D87FD2627142DEB53B939CC7"
